<?xml version="1.0" encoding="UTF-8"?>
<root>
  <item name="it.me.launcherlib.widget.floatingbutton.FloatingActionButton int getColor(int) 0">
    <annotation name="android.support.annotation.ColorRes" />
  </item>
  <item name="it.me.launcherlib.widget.floatingbutton.FloatingActionButton int getDimension(int) 0">
    <annotation name="android.support.annotation.DimenRes" />
  </item>
  <item name="it.me.launcherlib.widget.floatingbutton.FloatingActionButton int getType()">
    <annotation name="android.support.annotation.IntDef">
      <val name="value" val="{it.me.launcherlib.widget.floatingbutton.FloatingActionButton.TYPE_NORMAL, it.me.launcherlib.widget.floatingbutton.FloatingActionButton.TYPE_MINI}" />
    </annotation>
  </item>
  <item name="it.me.launcherlib.widget.floatingbutton.FloatingActionButton void setColorNormalResId(int) 0">
    <annotation name="android.support.annotation.ColorRes" />
  </item>
  <item name="it.me.launcherlib.widget.floatingbutton.FloatingActionButton void setColorPressedResId(int) 0">
    <annotation name="android.support.annotation.ColorRes" />
  </item>
  <item name="it.me.launcherlib.widget.floatingbutton.FloatingActionButton void setColorRippleResId(int) 0">
    <annotation name="android.support.annotation.ColorRes" />
  </item>
  <item name="it.me.launcherlib.widget.floatingbutton.FloatingActionButton void setType(int) 0">
    <annotation name="android.support.annotation.IntDef">
      <val name="value" val="{it.me.launcherlib.widget.floatingbutton.FloatingActionButton.TYPE_NORMAL, it.me.launcherlib.widget.floatingbutton.FloatingActionButton.TYPE_MINI}" />
    </annotation>
  </item>
</root>

